{"cameraMode":{"drawMode":0,"name":"Shaded","section":"Shading Mode"},"sceneLighting":true,"audioPlay":false,"sceneViewState":{"m_AlwaysRefresh":false,"showFog":true,"showSkybox":true,"showFlares":true,"showImageEffects":true,"showParticleSystems":true,"showVisualEffectGraphs":true,"m_FxEnabled":true},"in2DMode":false,"pivot":{"x":15.107440948486329,"y":1.0293012857437134,"z":12.482833862304688},"rotation":{"x":0.2566464841365814,"y":0.4780868887901306,"z":-0.14844274520874024,"w":0.8271439075469971},"size":9.622574806213379,"orthographic":false}