{"cameraMode":{"drawMode":0,"name":"Shaded","section":"Shading Mode"},"sceneLighting":false,"audioPlay":false,"sceneViewState":{"m_AlwaysRefresh":false,"showFog":false,"showSkybox":false,"showFlares":false,"showImageEffects":false,"showParticleSystems":false,"showVisualEffectGraphs":true,"m_FxEnabled":true},"in2DMode":false,"pivot":{"x":0.05326491594314575,"y":0.5895332098007202,"z":0.10740047693252564},"rotation":{"x":0.16324307024478913,"y":-0.8155927062034607,"z":0.48128268122673037,"w":0.27663537859916689},"size":1.6674315929412842,"orthographic":false}