{"cameraMode":{"drawMode":0,"name":"Shaded","section":"Shading Mode"},"sceneLighting":false,"audioPlay":false,"sceneViewState":{"showFog":true,"showMaterialUpdate":true,"showSkybox":false,"showFlares":true,"showImageEffects":true,"showParticleSystems":true},"in2DMode":false,"pivot":{"x":0.0,"y":-0.13199755549430848,"z":0.06261523067951203},"rotation":{"x":0.003732683602720499,"y":0.9921390414237976,"z":-0.029183845967054368,"w":0.12571106851100923},"size":4.265595436096191,"orthographic":false}