{"cameraMode":{"drawMode":0,"name":"Shaded","section":"Shading Mode"},"sceneLighting":false,"audioPlay":false,"sceneViewState":{"showFog":true,"showMaterialUpdate":true,"showSkybox":false,"showFlares":true,"showImageEffects":true,"showParticleSystems":true},"in2DMode":false,"pivot":{"x":12.680000305175782,"y":1.855554461479187,"z":11.292730331420899},"rotation":{"x":0.015759361907839776,"y":0.9188194274902344,"z":-0.03667818754911423,"w":0.3939358592033386},"size":8.641756057739258,"orthographic":false}