{"cameraMode":{"drawMode":0,"name":"Shaded","section":"Shading Mode"},"sceneLighting":false,"audioPlay":false,"sceneViewState":{"showFog":true,"showMaterialUpdate":true,"showSkybox":false,"showFlares":true,"showImageEffects":true,"showParticleSystems":true},"in2DMode":false,"pivot":{"x":11.731791496276856,"y":1.2265045642852784,"z":11.956624031066895},"rotation":{"x":0.1478361338376999,"y":0.29375404119491579,"z":-0.046125274151563647,"w":0.943790853023529},"size":2.6601147651672365,"orthographic":false}