{"cameraMode":{"drawMode":0,"name":"Shaded","section":"Shading Mode"},"sceneLighting":true,"audioPlay":false,"sceneViewState":{"showFog":true,"showMaterialUpdate":true,"showSkybox":true,"showFlares":true,"showImageEffects":true,"showParticleSystems":true},"in2DMode":false,"pivot":{"x":12.510000228881836,"y":0.07000000029802323,"z":6.699999809265137},"rotation":{"x":-0.07049597799777985,"y":-0.24249213933944703,"z":0.013967867009341717,"w":-0.9693834185600281},"size":10.0,"orthographic":false}