{"cameraMode":{"drawMode":0,"name":"Shaded","section":"Shading Mode"},"sceneLighting":false,"audioPlay":false,"sceneViewState":{"showFog":true,"showMaterialUpdate":true,"showSkybox":false,"showFlares":true,"showImageEffects":true,"showParticleSystems":true},"in2DMode":false,"pivot":{"x":11.609999656677246,"y":1.7698023319244385,"z":11.191337585449219},"rotation":{"x":-0.1657496988773346,"y":0.4842129349708557,"z":-0.09275149554014206,"w":-0.8558099865913391},"size":2.262084484100342,"orthographic":false}