{"cameraMode":{"drawMode":0,"name":"Shaded","section":"Shading Mode"},"sceneLighting":false,"audioPlay":false,"sceneViewState":{"showFog":true,"showMaterialUpdate":true,"showSkybox":false,"showFlares":true,"showImageEffects":true,"showParticleSystems":true},"in2DMode":false,"pivot":{"x":12.510000228881836,"y":1.755000114440918,"z":6.718969345092773},"rotation":{"x":0.2540036737918854,"y":0.32012200355529787,"z":-0.08972179889678955,"w":0.9096226096153259},"size":2.25,"orthographic":false}