{"cameraMode":{"drawMode":0,"name":"Shaded","section":"Shading Mode"},"sceneLighting":false,"audioPlay":false,"sceneViewState":{"showFog":true,"showMaterialUpdate":true,"showSkybox":false,"showFlares":true,"showImageEffects":true,"showParticleSystems":true},"in2DMode":false,"pivot":{"x":12.510000228881836,"y":1.7557919025421143,"z":6.838542938232422},"rotation":{"x":-0.12684780359268189,"y":0.7691967487335205,"z":-0.16147825121879579,"w":-0.605929970741272},"size":5.973052501678467,"orthographic":false}