{"cameraMode":{"drawMode":0,"name":"Shaded","section":"Shading Mode"},"sceneLighting":false,"audioPlay":false,"sceneViewState":{"showFog":true,"showMaterialUpdate":true,"showSkybox":false,"showFlares":true,"showImageEffects":true,"showParticleSystems":true},"in2DMode":false,"pivot":{"x":12.680000305175782,"y":1.7269797325134278,"z":9.970000267028809},"rotation":{"x":-0.03480208292603493,"y":0.9524043798446655,"z":-0.11896694451570511,"w":-0.2802615165710449},"size":6.694577693939209,"orthographic":false}